{
    "rmse": 0.8111764377806839,
    "mae": 0.6565660430823604,
    "r2": 0.05809748053062347
}