{
    "rmse": 0.8194774480503024,
    "mae": 0.6694043592720297,
    "r2": 0.038721305675815
}